First Name,Last Name
Liam,Smith
Emma,Johnson
Noah,Williams
Olivia,Jones
Elijah,Brown
Ava,Davis
William,Miller
Sophia,Wilson
James,Moore
Isabella,Taylor
Benjamin,Anderson
Mia,Thomas
Lucas,Jackson
Charlotte,White
Henry,Harris
Amelia,Martin
Alexander,Thompson
Harper,Garcia
Mason,Martinez
Evelyn,Robinson
Logan,Clark
Abigail,Rodriguez
Ethan,Lewis
Emily,Lee
Jacob,Walker
Ella,Hall
Michael,Allen
Avery,Young
Daniel,Hernandez
Scarlett,King
Matthew,Wright
Victoria,Scott
Sebastian,Torres
Grace,Nguyen
Jack,Hill
Chloe,Flores
Owen,Green
Camila,Adams
Samuel,Nelson
Penelope,Baker
Levi,Hughes
Riley,Gonzalez
David,Price
Layla,Evans
Joseph,Bennett
Lillian,Wood
Carter,Brooks
Nora,Barnes
Wyatt,Ross
Zoey,Henderson
John,Coleman
Hannah,Jenkins
Julian,Perry
Lily,Powell
Luke,Long
Ellie,Patterson
Anthony,Hughes
Stella,Foster
Isaac,Gray
Violet,James
Gabriel,Reed
Aurora,Kim
Jayden,Howard
Hannah,Morgan
Lincoln,Cooper
Sofia,Peterson
Joshua,Cox
Hazel,Reyes
Christopher,Ramirez
Aria,Russell
Andrew,Price
Layla,Bryant
Theodore,Wood
Zoe,Rice
Caleb,Harrison
Nora,Hunt
Ryan,Stone
Luna,Hamilton
Asher,West
Ellie,Jordan
Nathan,Stephens
Paisley,Hamilton
Thomas,Burke
Addison,Garcia
Leo,Davidson
Emilia,Matthews
Isaiah,Holmes
Elliana,Bishop
Hudson,Walsh
Aurora,Fox
Hunter,Montgomery
Savannah,Reid
Connor,Roberts
Brooklyn,Chapman
Eli,Grant
Bella,Montgomery